<?xml version="1.0" encoding="UTF-8" standalone="yes"?>
<addon id="plugin.video.rpgwizard" name="RetroLand Wizard" version="0.0.5" provider-name="BERL">
  <requires>
    <import addon="xbmc.python" version="2.1.0"/>
  </requires>
  <extension point="xbmc.python.pluginsource" library="default.py">
        <provides>video executable</provides>
  </extension>
  <extension point="xbmc.addon.metadata">
    <summary lang="en">The RetroLand Wizard</summary>
    <description lang="en">The only URL i have at the present moment.</description>
	<website>https://www.facebook.com/b3r7y</website>
    <platform>all</platform>
  </extension>
</addon>
